<?xml version="1.0" encoding="utf-8"?>
<GraphicalInterface>
  <P Name="NumRootInports">0</P>
  <P Name="NumRootOutports">0</P>
  <P Name="ParameterArgumentNames"/>
  <P Name="NumModelReferences">0</P>
  <P Name="NumTestPointedSignals">0</P>
  <P Name="NumProvidedFunctions">0</P>
  <P Name="NumRequiredFunctions">0</P>
  <P Name="NumResetEvents">0</P>
  <P Name="HasInitializeEvent">0</P>
  <P Name="HasTerminateEvent">0</P>
  <P Name="IsExportFunctionModel">0</P>
  <P Name="NumParameterArguments">0</P>
  <P Name="NumExternalFileReferences">4</P>
  <ExternalFileReference>
    <P Name="Reference">simulink_extras/Transformations/Degrees to
Radians</P>
    <P Name="Path">$bdroot/Degrees to Radians</P>
    <P Name="SID">42</P>
    <P Name="Type">LIBRARY_BLOCK</P>
  </ExternalFileReference>
  <ExternalFileReference>
    <P Name="Reference">simulink_extras/Transformations/Degrees to
Radians</P>
    <P Name="Path">$bdroot/Degrees to Radians1</P>
    <P Name="SID">43</P>
    <P Name="Type">LIBRARY_BLOCK</P>
  </ExternalFileReference>
  <ExternalFileReference>
    <P Name="Reference">simulink_extras/Transformations/Degrees to
Radians</P>
    <P Name="Path">$bdroot/Degrees to Radians2</P>
    <P Name="SID">44</P>
    <P Name="Type">LIBRARY_BLOCK</P>
  </ExternalFileReference>
  <ExternalFileReference>
    <P Name="Reference">simulink_extras/Transformations/Degrees to
Radians</P>
    <P Name="Path">$bdroot/Degrees to Radians3</P>
    <P Name="SID">45</P>
    <P Name="Type">LIBRARY_BLOCK</P>
  </ExternalFileReference>
  <P Name="OrderedModelArguments">1</P>
</GraphicalInterface>
