<?xml version="1.0" encoding="utf-8"?>
<Stateflow>
  <machine id="9">
    <P Name="created">26-Jan-2018 14:35:19</P>
    <P Name="isLibrary">0</P>
    <P Name="sfVersion">80000012</P>
    <Children>
      <target id="39" name="sfun">
        <P Name="description">Default Simulink S-Function Target.</P>
      </target>
      <chart id="10">
        <P Name="name">Perifocal_propagator/MATLAB Function1</P>
        <P Name="windowPosition">[422 539.941 189 413]</P>
        <P Name="viewLimits">[0 156.75 0 153.75]</P>
        <P Name="screen">[1 1 3600 1200 1.180555555555556]</P>
        <P Name="viewObj">10</P>
        <P Name="ssIdHighWaterMark">8</P>
        <P Name="decomposition">CLUSTER_CHART</P>
        <P Name="type">EML_CHART</P>
        <P Name="chartFileNumber">1</P>
        <P Name="disableImplicitCasting">1</P>
        <eml>
          <P Name="name">E2Pos</P>
        </eml>
        <Children>
          <state SSID="1">
            <P Name="labelString">eML_blk_kernel()</P>
            <P Name="position">[18 64.5 118 66]</P>
            <P Name="fontSize">12</P>
            <P Name="superState">SUBCHART</P>
            <P Name="subviewer">10</P>
            <P Name="type">FUNC_STATE</P>
            <P Name="decomposition">CLUSTER_STATE</P>
            <eml>
              <P Name="isEML">1</P>
              <P Name="script">function [x_PQW, y_PQW] = E2Pos(E, a, e)

% Compute position in perifocal coordinates
%
% Inputs
% ------
% E         Eccentric anomaly
% a         semi-major axis
%
% Outputs
% -------
% x         x position on orbital plane
% y         y position on orbital plane

% semi-latus rectum
p = a*(1 - e^2);

% Compute true anomaly from eccentric anomaly
cos_nu = (cos(E) - e) / (1 - e*cos(E));
sin_nu = (sin(E)*sqrt(1 - e^2)) / (1 - e*cos(E));
nu = atan2(sin_nu, cos_nu);

% Compute radial position
r = p / (1 + e*cos(nu));

% convert to cartesian
x_PQW = r*cos(nu);
y_PQW = r*sin(nu);
</P>
              <P Name="editorLayout" Class="double">Matrix(4,1)
[10.0, 5.0, 700.0, 500.0]</P>
            </eml>
          </state>
          <data SSID="8" name="x_PQW">
            <P Name="scope">OUTPUT_DATA</P>
            <props>
              <array>
                <P Name="size">-1</P>
              </array>
              <type>
                <P Name="method">SF_INHERITED_TYPE</P>
                <P Name="primitive">SF_DOUBLE_TYPE</P>
                <P Name="isSigned">1</P>
                <P Name="wordLength">16</P>
              </type>
              <P Name="complexity">SF_COMPLEX_INHERITED</P>
              <P Name="frame">SF_FRAME_NO</P>
              <unit>
                <P Name="name">inherit</P>
              </unit>
            </props>
            <P Name="dataType">Inherit: Same as Simulink</P>
          </data>
          <data SSID="4" name="E">
            <P Name="scope">INPUT_DATA</P>
            <props>
              <array>
                <P Name="size">-1</P>
              </array>
              <type>
                <P Name="method">SF_INHERITED_TYPE</P>
                <P Name="primitive">SF_DOUBLE_TYPE</P>
              </type>
              <P Name="complexity">SF_COMPLEX_INHERITED</P>
              <unit>
                <P Name="name">inherit</P>
              </unit>
            </props>
            <P Name="dataType">Inherit: Same as Simulink</P>
          </data>
          <data SSID="5" name="y_PQW">
            <P Name="scope">OUTPUT_DATA</P>
            <props>
              <array>
                <P Name="size">-1</P>
              </array>
              <type>
                <P Name="method">SF_INHERITED_TYPE</P>
                <P Name="primitive">SF_DOUBLE_TYPE</P>
              </type>
              <P Name="complexity">SF_COMPLEX_INHERITED</P>
              <P Name="frame">SF_FRAME_NO</P>
              <unit>
                <P Name="name">inherit</P>
              </unit>
            </props>
            <P Name="dataType">Inherit: Same as Simulink</P>
          </data>
          <data SSID="6" name="a">
            <P Name="scope">INPUT_DATA</P>
            <props>
              <array>
                <P Name="size">-1</P>
              </array>
              <type>
                <P Name="method">SF_INHERITED_TYPE</P>
                <P Name="primitive">SF_DOUBLE_TYPE</P>
                <P Name="isSigned">1</P>
                <P Name="wordLength">16</P>
              </type>
              <P Name="complexity">SF_COMPLEX_INHERITED</P>
              <P Name="frame">SF_FRAME_INHERITED</P>
              <unit>
                <P Name="name">inherit</P>
              </unit>
            </props>
            <P Name="dataType">Inherit: Same as Simulink</P>
          </data>
          <data SSID="7" name="e">
            <P Name="scope">INPUT_DATA</P>
            <props>
              <array>
                <P Name="size">-1</P>
              </array>
              <type>
                <P Name="method">SF_INHERITED_TYPE</P>
                <P Name="primitive">SF_DOUBLE_TYPE</P>
                <P Name="isSigned">1</P>
                <P Name="wordLength">16</P>
              </type>
              <P Name="complexity">SF_COMPLEX_INHERITED</P>
              <P Name="frame">SF_FRAME_INHERITED</P>
              <unit>
                <P Name="name">inherit</P>
              </unit>
            </props>
            <P Name="dataType">Inherit: Same as Simulink</P>
          </data>
          <transition SSID="2">
            <P Name="labelString">{eML_blk_kernel();}</P>
            <P Name="labelPosition">[28.125 13.875 102.544 14.964]</P>
            <P Name="fontSize">12</P>
            <src>
              <P Name="intersection">[0 0 1 0 23.5747 14.625 0 0]</P>
            </src>
            <dst>
              <P Name="SSID">3</P>
              <P Name="intersection">[1 0 -1 0 23.5747 42.5747 0 0]</P>
            </dst>
            <P Name="midPoint">[23.5747 24.9468]</P>
            <P Name="dataLimits">[21.175 25.975 14.625 42.575]</P>
            <P Name="subviewer">10</P>
            <P Name="drawStyle">SMART</P>
            <slide>
              <P Name="sticky">BOTH_STICK</P>
            </slide>
            <P Name="executionOrder">1</P>
          </transition>
          <junction SSID="3">
            <P Name="position">[23.5747 49.5747 7]</P>
            <P Name="subviewer">10</P>
            <P Name="type">CONNECTIVE_JUNCTION</P>
          </junction>
        </Children>
      </chart>
      <chart id="20">
        <P Name="name">Perifocal_propagator/MATLAB Function</P>
        <P Name="windowPosition">[422 539.941 189 413]</P>
        <P Name="viewLimits">[0 156.75 0 153.75]</P>
        <P Name="screen">[1 1 3600 1200 1.180555555555556]</P>
        <P Name="viewObj">20</P>
        <P Name="ssIdHighWaterMark">7</P>
        <P Name="decomposition">CLUSTER_CHART</P>
        <P Name="type">EML_CHART</P>
        <P Name="chartFileNumber">2</P>
        <P Name="disableImplicitCasting">1</P>
        <eml>
          <P Name="name">MeanAnom2EccAnom</P>
        </eml>
        <Children>
          <state SSID="1">
            <P Name="labelString">eML_blk_kernel()</P>
            <P Name="position">[18 64.5 118 66]</P>
            <P Name="fontSize">12</P>
            <P Name="superState">SUBCHART</P>
            <P Name="subviewer">20</P>
            <P Name="type">FUNC_STATE</P>
            <P Name="decomposition">CLUSTER_STATE</P>
            <eml>
              <P Name="isEML">1</P>
              <P Name="script">function E = MeanAnom2EccAnom(M, e, tol) 

% Compute eccentric anomaly from mean anomaly
%
% Inputs
% ------
% M         mean anomaly [rad]
% e         eccentricity
% tol       tolerance
%
% Outputs
% -------
% E         Eccentric anomaly [rad]
% v         velocity vector

% Check edge cases
if( M == pi || M == 0)
    E = M;
    return
end

% initial guess
if( M &gt; pi )
    E = M - e/2;
else
    E = M + e/2;
end

err = 1;
count = 0;
while err &gt; tol
    % Compute correction value
    delta = -(E - e*sin(E) - M)/(1 - e*cos(E));

    % Error
    err = abs(delta);
  
    E = E + delta;
    
    % Limit # of iterations
    count = count + 1;
    if count &gt; 1e6
        return
    end
end</P>
              <P Name="editorLayout" Class="double">Matrix(4,1)
[10.0, 5.0, 700.0, 500.0]</P>
            </eml>
          </state>
          <data SSID="4" name="M">
            <P Name="scope">INPUT_DATA</P>
            <props>
              <array>
                <P Name="size">-1</P>
              </array>
              <type>
                <P Name="method">SF_INHERITED_TYPE</P>
                <P Name="primitive">SF_DOUBLE_TYPE</P>
              </type>
              <P Name="complexity">SF_COMPLEX_INHERITED</P>
              <unit>
                <P Name="name">inherit</P>
              </unit>
            </props>
            <P Name="dataType">Inherit: Same as Simulink</P>
          </data>
          <data SSID="7" name="e">
            <P Name="scope">INPUT_DATA</P>
            <props>
              <array>
                <P Name="size">-1</P>
              </array>
              <type>
                <P Name="method">SF_INHERITED_TYPE</P>
                <P Name="primitive">SF_DOUBLE_TYPE</P>
                <P Name="isSigned">1</P>
                <P Name="wordLength">16</P>
              </type>
              <P Name="complexity">SF_COMPLEX_INHERITED</P>
              <P Name="frame">SF_FRAME_INHERITED</P>
              <unit>
                <P Name="name">inherit</P>
              </unit>
            </props>
            <P Name="dataType">Inherit: Same as Simulink</P>
          </data>
          <data SSID="5" name="E">
            <P Name="scope">OUTPUT_DATA</P>
            <props>
              <array>
                <P Name="size">-1</P>
              </array>
              <type>
                <P Name="method">SF_INHERITED_TYPE</P>
                <P Name="primitive">SF_DOUBLE_TYPE</P>
              </type>
              <P Name="complexity">SF_COMPLEX_INHERITED</P>
              <P Name="frame">SF_FRAME_NO</P>
              <unit>
                <P Name="name">inherit</P>
              </unit>
            </props>
            <P Name="dataType">Inherit: Same as Simulink</P>
          </data>
          <data SSID="6" name="tol">
            <P Name="scope">INPUT_DATA</P>
            <props>
              <array>
                <P Name="size">-1</P>
              </array>
              <type>
                <P Name="method">SF_INHERITED_TYPE</P>
                <P Name="primitive">SF_DOUBLE_TYPE</P>
                <P Name="isSigned">1</P>
                <P Name="wordLength">16</P>
              </type>
              <P Name="complexity">SF_COMPLEX_INHERITED</P>
              <P Name="frame">SF_FRAME_INHERITED</P>
              <unit>
                <P Name="name">inherit</P>
              </unit>
            </props>
            <P Name="dataType">Inherit: Same as Simulink</P>
          </data>
          <transition SSID="2">
            <P Name="labelString">{eML_blk_kernel();}</P>
            <P Name="labelPosition">[28.125 13.875 102.544 14.964]</P>
            <P Name="fontSize">12</P>
            <src>
              <P Name="intersection">[0 0 1 0 23.5747 14.625 0 0]</P>
            </src>
            <dst>
              <P Name="SSID">3</P>
              <P Name="intersection">[1 0 -1 0 23.5747 42.5747 0 0]</P>
            </dst>
            <P Name="midPoint">[23.5747 24.9468]</P>
            <P Name="dataLimits">[21.175 25.975 14.625 42.575]</P>
            <P Name="subviewer">20</P>
            <P Name="drawStyle">SMART</P>
            <slide>
              <P Name="sticky">BOTH_STICK</P>
            </slide>
            <P Name="executionOrder">1</P>
          </transition>
          <junction SSID="3">
            <P Name="position">[23.5747 49.5747 7]</P>
            <P Name="subviewer">20</P>
            <P Name="type">CONNECTIVE_JUNCTION</P>
          </junction>
        </Children>
      </chart>
      <chart id="29">
        <P Name="name">MATLAB Function2</P>
        <P Name="windowPosition">[422 539.941 189 413]</P>
        <P Name="viewLimits">[0 156.75 0 153.75]</P>
        <P Name="screen">[1 1 3600 1200 1.180555555555556]</P>
        <P Name="viewObj">29</P>
        <P Name="ssIdHighWaterMark">8</P>
        <P Name="decomposition">CLUSTER_CHART</P>
        <P Name="type">EML_CHART</P>
        <P Name="chartFileNumber">3</P>
        <P Name="disableImplicitCasting">1</P>
        <eml>
          <P Name="name">PQW2ECI</P>
        </eml>
        <Children>
          <state SSID="1">
            <P Name="labelString">eML_blk_kernel()</P>
            <P Name="position">[18 64.5 118 66]</P>
            <P Name="fontSize">12</P>
            <P Name="superState">SUBCHART</P>
            <P Name="subviewer">29</P>
            <P Name="type">FUNC_STATE</P>
            <P Name="decomposition">CLUSTER_STATE</P>
            <eml>
              <P Name="isEML">1</P>
              <P Name="script">function r_ECI = PQW2ECI(r_PQW, O, i, w)

% Transform vector in perifocal to ECI
%
% Inputs
% ------
% r_PQW     position in perifocal coordinates
% i         inclination [rad]
% O       	right ascension of ascending node [rad]
% w         argument of pariapsis [rad]
%
% Outputs
% -------
% r_ECI     position in ECI coordinates

% Compute rotation matrix from PQW to ECI (3-1-3 Euler rots)
Rz_O = [cos(-O)     sin(-O)     0;
        -sin(-O)    cos(-O)     0;
        0           0           1;];
Rx_i = [1   0           0;
        0   cos(-i)     sin(-i);
        0   -sin(-i)    cos(-i);];
Rz_w = [cos(-w)     sin(-w)     0;
        -sin(-w)    cos(-w)     0;
        0           0           1;];
R_PWQ2ECI = Rz_O * Rx_i * Rz_w;

r_ECI = R_PWQ2ECI * r_PQW;
</P>
              <P Name="editorLayout" Class="double">Matrix(4,1)
[10.0, 5.0, 700.0, 500.0]</P>
            </eml>
          </state>
          <data SSID="4" name="r_PQW">
            <P Name="scope">INPUT_DATA</P>
            <props>
              <array>
                <P Name="size">-1</P>
              </array>
              <type>
                <P Name="method">SF_INHERITED_TYPE</P>
                <P Name="primitive">SF_DOUBLE_TYPE</P>
              </type>
              <P Name="complexity">SF_COMPLEX_INHERITED</P>
              <unit>
                <P Name="name">inherit</P>
              </unit>
            </props>
            <P Name="dataType">Inherit: Same as Simulink</P>
          </data>
          <data SSID="5" name="r_ECI">
            <P Name="scope">OUTPUT_DATA</P>
            <props>
              <array>
                <P Name="size">-1</P>
              </array>
              <type>
                <P Name="method">SF_INHERITED_TYPE</P>
                <P Name="primitive">SF_DOUBLE_TYPE</P>
              </type>
              <P Name="complexity">SF_COMPLEX_INHERITED</P>
              <P Name="frame">SF_FRAME_NO</P>
              <unit>
                <P Name="name">inherit</P>
              </unit>
            </props>
            <P Name="dataType">Inherit: Same as Simulink</P>
          </data>
          <data SSID="6" name="O">
            <P Name="scope">INPUT_DATA</P>
            <props>
              <array>
                <P Name="size">-1</P>
              </array>
              <type>
                <P Name="method">SF_INHERITED_TYPE</P>
                <P Name="primitive">SF_DOUBLE_TYPE</P>
                <P Name="isSigned">1</P>
                <P Name="wordLength">16</P>
              </type>
              <P Name="complexity">SF_COMPLEX_INHERITED</P>
              <P Name="frame">SF_FRAME_INHERITED</P>
              <unit>
                <P Name="name">inherit</P>
              </unit>
            </props>
            <P Name="dataType">Inherit: Same as Simulink</P>
          </data>
          <data SSID="7" name="i">
            <P Name="scope">INPUT_DATA</P>
            <props>
              <array>
                <P Name="size">-1</P>
              </array>
              <type>
                <P Name="method">SF_INHERITED_TYPE</P>
                <P Name="primitive">SF_DOUBLE_TYPE</P>
                <P Name="isSigned">1</P>
                <P Name="wordLength">16</P>
              </type>
              <P Name="complexity">SF_COMPLEX_INHERITED</P>
              <P Name="frame">SF_FRAME_INHERITED</P>
              <unit>
                <P Name="name">inherit</P>
              </unit>
            </props>
            <P Name="dataType">Inherit: Same as Simulink</P>
          </data>
          <data SSID="8" name="w">
            <P Name="scope">INPUT_DATA</P>
            <props>
              <array>
                <P Name="size">-1</P>
              </array>
              <type>
                <P Name="method">SF_INHERITED_TYPE</P>
                <P Name="primitive">SF_DOUBLE_TYPE</P>
                <P Name="isSigned">1</P>
                <P Name="wordLength">16</P>
              </type>
              <P Name="complexity">SF_COMPLEX_INHERITED</P>
              <P Name="frame">SF_FRAME_INHERITED</P>
              <unit>
                <P Name="name">inherit</P>
              </unit>
            </props>
            <P Name="dataType">Inherit: Same as Simulink</P>
          </data>
          <transition SSID="2">
            <P Name="labelString">{eML_blk_kernel();}</P>
            <P Name="labelPosition">[28.125 13.875 102.544 14.964]</P>
            <P Name="fontSize">12</P>
            <src>
              <P Name="intersection">[0 0 1 0 23.5747 14.625 0 0]</P>
            </src>
            <dst>
              <P Name="SSID">3</P>
              <P Name="intersection">[1 0 -1 0 23.5747 42.5747 0 0]</P>
            </dst>
            <P Name="midPoint">[23.5747 24.9468]</P>
            <P Name="dataLimits">[21.175 25.975 14.625 42.575]</P>
            <P Name="subviewer">29</P>
            <P Name="drawStyle">SMART</P>
            <slide>
              <P Name="sticky">BOTH_STICK</P>
            </slide>
            <P Name="executionOrder">1</P>
          </transition>
          <junction SSID="3">
            <P Name="position">[23.5747 49.5747 7]</P>
            <P Name="subviewer">29</P>
            <P Name="type">CONNECTIVE_JUNCTION</P>
          </junction>
        </Children>
      </chart>
    </Children>
  </machine>
  <instance id="19">
    <P Name="machine">9</P>
    <P Name="name">Perifocal_propagator/MATLAB Function1</P>
    <P Name="chart">10</P>
  </instance>
  <instance id="28">
    <P Name="machine">9</P>
    <P Name="name">Perifocal_propagator/MATLAB Function</P>
    <P Name="chart">20</P>
  </instance>
  <instance id="38">
    <P Name="machine">9</P>
    <P Name="name">MATLAB Function2</P>
    <P Name="chart">29</P>
  </instance>
</Stateflow>
